date,store,sales
2022-01-01,1,2441
2022-01-02,1,2297
2022-01-03,1,2111
2022-01-04,1,2130
2022-01-05,1,1983
2022-01-06,1,2027
2022-01-07,1,2297
2022-01-08,1,2491
2022-01-09,1,2302
2022-01-10,1,2132
2022-01-11,1,2011
2022-01-12,1,1995
2022-01-13,1,2092
2022-01-14,1,2065
2022-01-15,1,2333
2022-01-16,1,2325
2022-01-17,1,2045
2022-01-18,1,2099
2022-01-19,1,1991
2022-01-20,1,1997
2022-01-21,1,2347
2022-01-22,1,2474
2022-01-23,1,2400
2022-01-24,1,2042
2022-01-25,1,2062
2022-01-26,1,2095
2022-01-27,1,2045
2022-01-28,1,2293
2022-01-29,1,2474
2022-01-30,1,2401
2022-01-31,1,2131
2022-02-01,1,2269
2022-02-02,1,2113
2022-02-03,1,2078
2022-02-04,1,2353
2022-02-05,1,2453
2022-02-06,1,2464
2022-02-07,1,2055
2022-02-08,1,2056
2022-02-09,1,2154
2022-02-10,1,2238
2022-02-11,1,2329
2022-02-12,1,2561
2022-02-13,1,2450
2022-02-14,1,2115
2022-02-15,1,2125
2022-02-16,1,2128
2022-02-17,1,2285
2022-02-18,1,2365
2022-02-19,1,2460
2022-02-20,1,2519
2022-02-21,1,2219
2022-02-22,1,2150
2022-02-23,1,2230
2022-02-24,1,2304
2022-02-25,1,2429
2022-02-26,1,2549
2022-02-27,1,2492
2022-02-28,1,2292
2022-03-01,1,2293
2022-03-02,1,2167
2022-03-03,1,2231
2022-03-04,1,2295
2022-03-05,1,2540
2022-03-06,1,2593
2022-03-07,1,2387
2022-03-08,1,2232
2022-03-09,1,2295
2022-03-10,1,2289
2022-03-11,1,2345
2022-03-12,1,2673
2022-03-13,1,2663
2022-03-14,1,2297
2022-03-15,1,2369
2022-03-16,1,2037
2022-03-17,1,2336
2022-03-18,1,2413
2022-03-19,1,2636
2022-03-20,1,2567
2022-03-21,1,2162
2022-03-22,1,2246
2022-03-23,1,2271
2022-03-24,1,2396
2022-03-25,1,2378
2022-03-26,1,2607
2022-03-27,1,2531
2022-03-28,1,2389
2022-03-29,1,2296
2022-03-30,1,2213
2022-03-31,1,2332
2022-04-01,1,2431
2022-04-02,1,2748
2022-04-03,1,2523
2022-04-04,1,2302
2022-04-05,1,2248
2022-04-06,1,2148
2022-04-07,1,2320
2022-04-08,1,2448
2022-04-09,1,2679
2022-04-10,1,2562
2022-04-11,1,2223
2022-04-12,1,2248
2022-04-13,1,2234
2022-04-14,1,2240
2022-04-15,1,2418
2022-04-16,1,2710
2022-04-17,1,2721
2022-04-18,1,2343
2022-04-19,1,2299
2022-04-20,1,2254
2022-04-21,1,2155
2022-04-22,1,2427
2022-04-23,1,2683
2022-04-24,1,2763
2022-04-25,1,2313
2022-04-26,1,2299
2022-04-27,1,2254
2022-04-28,1,2208
2022-04-29,1,2511
2022-04-30,1,2730
2022-05-01,1,2633
2022-05-02,1,2254
2022-05-03,1,2377
2022-05-04,1,2145
2022-05-05,1,2333
2022-05-06,1,2583
2022-05-07,1,2593
2022-05-08,1,2524
2022-05-09,1,2322
2022-05-10,1,2226
2022-05-11,1,2126
2022-05-12,1,2286
2022-05-13,1,2330
2022-05-14,1,2693
2022-05-15,1,2487
2022-05-16,1,2421
2022-05-17,1,2195
2022-05-18,1,2207
2022-05-19,1,2331
2022-05-20,1,2306
2022-05-21,1,2664
2022-05-22,1,2643
2022-05-23,1,2172
2022-05-24,1,2255
2022-05-25,1,2239
2022-05-26,1,2316
2022-05-27,1,2292
2022-05-28,1,2534
2022-05-29,1,2570
2022-05-30,1,2301
2022-05-31,1,2246
2022-06-01,1,2231
2022-06-02,1,2192
2022-06-03,1,2388
2022-06-04,1,2640
2022-06-05,1,2462
2022-06-06,1,2404
2022-06-07,1,2247
2022-06-08,1,2100
2022-06-09,1,2276
2022-06-10,1,2281
2022-06-11,1,2661
2022-06-12,1,2586
2022-06-13,1,2186
2022-06-14,1,2267
2022-06-15,1,2203
2022-06-16,1,2271
2022-06-17,1,2479
2022-06-18,1,2566
2022-06-19,1,2426
2022-06-20,1,2163
2022-06-21,1,2116
2022-06-22,1,2149
2022-06-23,1,2218
2022-06-24,1,2340
2022-06-25,1,2629
2022-06-26,1,2465
2022-06-27,1,2321
2022-06-28,1,2139
2022-06-29,1,2340
2022-06-30,1,2221
2022-07-01,1,2237
2022-07-02,1,2468
2022-07-03,1,2482
2022-07-04,1,2177
2022-07-05,1,2194
2022-07-06,1,2154
2022-07-07,1,2150
2022-07-08,1,2219
2022-07-09,1,2417
2022-07-10,1,2394
2022-07-11,1,2239
2022-07-12,1,2139
2022-07-13,1,2007
2022-07-14,1,2150
2022-07-15,1,2294
2022-07-16,1,2446
2022-07-17,1,2421
2022-07-18,1,2162
2022-07-19,1,2019
2022-07-20,1,2109
2022-07-21,1,2162
2022-07-22,1,2329
2022-07-23,1,2574
2022-07-24,1,2289
2022-07-25,1,2070
2022-07-26,1,2127
2022-07-27,1,2104
2022-07-28,1,2142
2022-07-29,1,2520
2022-07-30,1,2522
2022-07-31,1,2462
2022-08-01,1,2196
2022-08-02,1,2121
2022-08-03,1,2027
2022-08-04,1,2145
2022-08-05,1,2158
2022-08-06,1,2447
2022-08-07,1,2326
2022-08-08,1,2116
2022-08-09,1,2232
2022-08-10,1,1897
2022-08-11,1,2126
2022-08-12,1,2082
2022-08-13,1,2416
2022-08-14,1,2431
2022-08-15,1,2103
2022-08-16,1,1965
2022-08-17,1,1971
2022-08-18,1,2114
2022-08-19,1,2137
2022-08-20,1,2456
2022-08-21,1,2342
2022-08-22,1,2038
2022-08-23,1,2197
2022-08-24,1,2062
2022-08-25,1,1901
2022-08-26,1,2196
2022-08-27,1,2381
2022-08-28,1,2394
2022-08-29,1,2019
2022-08-30,1,2019
2022-08-31,1,2045
2022-09-01,1,2111
2022-09-02,1,2085
2022-09-03,1,2399
2022-09-04,1,2288
2022-09-05,1,2024
2022-09-06,1,2155
2022-09-07,1,2032
2022-09-08,1,1947
2022-09-09,1,2239
2022-09-10,1,2579
2022-09-11,1,2397
2022-09-12,1,1956
2022-09-13,1,1983
2022-09-14,1,2094
2022-09-15,1,1986
2022-09-16,1,2202
2022-09-17,1,2477
2022-09-18,1,2249
2022-09-19,1,2065
2022-09-20,1,1776
2022-09-21,1,1923
2022-09-22,1,2021
2022-09-23,1,2076
2022-09-24,1,2543
2022-09-25,1,2214
2022-09-26,1,2038
2022-09-27,1,2032
2022-09-28,1,2111
2022-09-29,1,1935
2022-09-30,1,2261
2022-10-01,1,2425
2022-10-02,1,2252
2022-10-03,1,2111
2022-10-04,1,2042
2022-10-05,1,1963
2022-10-06,1,2055
2022-10-07,1,2152
2022-10-08,1,2440
2022-10-09,1,2383
2022-10-10,1,2203
2022-10-11,1,1943
2022-10-12,1,2177
2022-10-13,1,1912
2022-10-14,1,2179
2022-10-15,1,2486
2022-10-16,1,2365
2022-10-17,1,2049
2022-10-18,1,2032
2022-10-19,1,1992
2022-10-20,1,2027
2022-10-21,1,2267
2022-10-22,1,2482
2022-10-23,1,2305
2022-10-24,1,2177
2022-10-25,1,2084
2022-10-26,1,2105
2022-10-27,1,2133
2022-10-28,1,2156
2022-10-29,1,2429
2022-10-30,1,2429
2022-10-31,1,2171
2022-11-01,1,2077
2022-11-02,1,2069
2022-11-03,1,2199
2022-11-04,1,2192
2022-11-05,1,2530
2022-11-06,1,2376
2022-11-07,1,2128
2022-11-08,1,2180
2022-11-09,1,2142
2022-11-10,1,2184
2022-11-11,1,2354
2022-11-12,1,2511
2022-11-13,1,2464
2022-11-14,1,2142
2022-11-15,1,2143
2022-11-16,1,2092
2022-11-17,1,2153
2022-11-18,1,2323
2022-11-19,1,2471
2022-11-20,1,2592
2022-11-21,1,2114
2022-11-22,1,2051
2022-11-23,1,2213
2022-11-24,1,2229
2022-11-25,1,2350
2022-11-26,1,2604
2022-11-27,1,2460
2022-11-28,1,2147
2022-11-29,1,2174
2022-11-30,1,2101
2022-12-01,1,2269
2022-12-02,1,2318
2022-12-03,1,2521
2022-12-04,1,2463
2022-12-05,1,2272
2022-12-06,1,2153
2022-12-07,1,2117
2022-12-08,1,2241
2022-12-09,1,2375
2022-12-10,1,2573
2022-12-11,1,2480
2022-12-12,1,2286
2022-12-13,1,2114
2022-12-14,1,2102
2022-12-15,1,2197
2022-12-16,1,2369
2022-12-17,1,2663
2022-12-18,1,2654
2022-12-19,1,2362
2022-12-20,1,2240
2022-12-21,1,2235
2022-12-22,1,2205
2022-12-23,1,2413
2022-12-24,1,2647
2022-12-25,1,2597
2022-12-26,1,2265
2022-12-27,1,2321
2022-12-28,1,2381
2022-12-29,1,2302
2022-12-30,1,2475
2022-12-31,1,2750
2023-01-01,1,2574
2023-01-02,1,2375
2023-01-03,1,2313
2023-01-04,1,2304
2023-01-05,1,2283
2023-01-06,1,2477
2023-01-07,1,2767
2023-01-08,1,2742
2023-01-09,1,2460
2023-01-10,1,2504
2023-01-11,1,2269
2023-01-12,1,2436
2023-01-13,1,2518
2023-01-14,1,2923
2023-01-15,1,2602
2023-01-16,1,2354
2023-01-17,1,2326
2023-01-18,1,2196
2023-01-19,1,2360
2023-01-20,1,2477
2023-01-21,1,2799
2023-01-22,1,2717
2023-01-23,1,2586
2023-01-24,1,2471
2023-01-25,1,2340
2023-01-26,1,2360
2023-01-27,1,2598
2023-01-28,1,2716
2023-01-29,1,2857
2023-01-30,1,2561
2023-01-31,1,2392
2023-02-01,1,2282
2023-02-02,1,2556
2023-02-03,1,2579
2023-02-04,1,2935
2023-02-05,1,2626
2023-02-06,1,2454
2023-02-07,1,2453
2023-02-08,1,2440
2023-02-09,1,2446
2023-02-10,1,2660
2023-02-11,1,2786
2023-02-12,1,2759
2023-02-13,1,2532
2023-02-14,1,2515
2023-02-15,1,2513
2023-02-16,1,2419
2023-02-17,1,2521
2023-02-18,1,2985
2023-02-19,1,2817
2023-02-20,1,2489
2023-02-21,1,2615
2023-02-22,1,2490
2023-02-23,1,2613
2023-02-24,1,2662
2023-02-25,1,3064
2023-02-26,1,2944
2023-02-27,1,2547
2023-02-28,1,2591
2023-03-01,1,2549
2023-03-02,1,2646
2023-03-03,1,2603
2023-03-04,1,2980
2023-03-05,1,2910
2023-03-06,1,2451
2023-03-07,1,2447
2023-03-08,1,2365
2023-03-09,1,2539
2023-03-10,1,2746
2023-03-11,1,3057
2023-03-12,1,2851
2023-03-13,1,2720
2023-03-14,1,2446
2023-03-15,1,2404
2023-03-16,1,2569
2023-03-17,1,2734
2023-03-18,1,2954
2023-03-19,1,2704
2023-03-20,1,2603
2023-03-21,1,2464
2023-03-22,1,2593
2023-03-23,1,2612
2023-03-24,1,2645
2023-03-25,1,2929
2023-03-26,1,2789
2023-03-27,1,2615
2023-03-28,1,2642
2023-03-29,1,2478
2023-03-30,1,2630
2023-03-31,1,2684
2023-04-01,1,2915
2023-04-02,1,2867
2023-04-03,1,2548
2023-04-04,1,2535
2023-04-05,1,2468
2023-04-06,1,2745
2023-04-07,1,2731
2023-04-08,1,2926
2023-04-09,1,2895
2023-04-10,1,2621
2023-04-11,1,2563
2023-04-12,1,2606
2023-04-13,1,2657
2023-04-14,1,2691
2023-04-15,1,2937
2023-04-16,1,2860
2023-04-17,1,2458
2023-04-18,1,2467
2023-04-19,1,2663
2023-04-20,1,2723
2023-04-21,1,2711
2023-04-22,1,3022
2023-04-23,1,2902
2023-04-24,1,2859
2023-04-25,1,2662
2023-04-26,1,2548
2023-04-27,1,2525
2023-04-28,1,2606
2023-04-29,1,2991
2023-04-30,1,2818
2023-05-01,1,2517
2023-05-02,1,2524
2023-05-03,1,2471
2023-05-04,1,2717
2023-05-05,1,2786
2023-05-06,1,2968
2023-05-07,1,2979
2023-05-08,1,2622
2023-05-09,1,2501
2023-05-10,1,2658
2023-05-11,1,2623
2023-05-12,1,2633
2023-05-13,1,2946
2023-05-14,1,2793
2023-05-15,1,2503
2023-05-16,1,2625
2023-05-17,1,2677
2023-05-18,1,2467
2023-05-19,1,2743
2023-05-20,1,2900
2023-05-21,1,2810
2023-05-22,1,2551
2023-05-23,1,2478
2023-05-24,1,2525
2023-05-25,1,2497
2023-05-26,1,2708
2023-05-27,1,2932
2023-05-28,1,2816
2023-05-29,1,2513
2023-05-30,1,2486
2023-05-31,1,2564
2023-06-01,1,2583
2023-06-02,1,2600
2023-06-03,1,2928
2023-06-04,1,2875
2023-06-05,1,2441
2023-06-06,1,2555
2023-06-07,1,2442
2023-06-08,1,2572
2023-06-09,1,2600
2023-06-10,1,2769
2023-06-11,1,2680
2023-06-12,1,2554
2023-06-13,1,2517
2023-06-14,1,2407
2023-06-15,1,2561
2023-06-16,1,2516
2023-06-17,1,2883
2023-06-18,1,2694
2023-06-19,1,2484
2023-06-20,1,2484
2023-06-21,1,2393
2023-06-22,1,2466
2023-06-23,1,2698
2023-06-24,1,2827
2023-06-25,1,2830
2023-06-26,1,2430
2023-06-27,1,2502
2023-06-28,1,2547
2023-06-29,1,2291
2023-06-30,1,2544
2023-07-01,1,2895
2023-07-02,1,2734
2023-07-03,1,2524
2023-07-04,1,2398
2023-07-05,1,2428
2023-07-06,1,2447
2023-07-07,1,2673
2023-07-08,1,2852
2023-07-09,1,2756
2023-07-10,1,2447
2023-07-11,1,2389
2023-07-12,1,2370
2023-07-13,1,2470
2023-07-14,1,2536
2023-07-15,1,2837
2023-07-16,1,2868
2023-07-17,1,2526
2023-07-18,1,2383
2023-07-19,1,2475
2023-07-20,1,2392
2023-07-21,1,2398
2023-07-22,1,2722
2023-07-23,1,2555
2023-07-24,1,2417
2023-07-25,1,2392
2023-07-26,1,2494
2023-07-27,1,2431
2023-07-28,1,2518
2023-07-29,1,2844
2023-07-30,1,2514
2023-07-31,1,2445
2023-08-01,1,2433
2023-08-02,1,2242
2023-08-03,1,2477
2023-08-04,1,2544
2023-08-05,1,2736
2023-08-06,1,2712
2023-08-07,1,2583
2023-08-08,1,2374
2023-08-09,1,2357
2023-08-10,1,2343
2023-08-11,1,2441
2023-08-12,1,2816
2023-08-13,1,2587
2023-08-14,1,2405
2023-08-15,1,2312
2023-08-16,1,2362
2023-08-17,1,2390
2023-08-18,1,2571
2023-08-19,1,2704
2023-08-20,1,2620
2023-08-21,1,2316
2023-08-22,1,2304
2023-08-23,1,2345
2023-08-24,1,2412
2023-08-25,1,2415
2023-08-26,1,2798
2023-08-27,1,2733
2023-08-28,1,2411
2023-08-29,1,2470
2023-08-30,1,2250
2023-08-31,1,2254
2023-09-01,1,2343
2023-09-02,1,2838
2023-09-03,1,2674
2023-09-04,1,2370
2023-09-05,1,2344
2023-09-06,1,2218
2023-09-07,1,2525
2023-09-08,1,2481
2023-09-09,1,2729
2023-09-10,1,2675
2023-09-11,1,2406
2023-09-12,1,2337
2023-09-13,1,2240
2023-09-14,1,2375
2023-09-15,1,2611
2023-09-16,1,2820
2023-09-17,1,2739
2023-09-18,1,2331
2023-09-19,1,2245
2023-09-20,1,2290
2023-09-21,1,2344
2023-09-22,1,2552
2023-09-23,1,2593
2023-09-24,1,2735
2023-09-25,1,2359
2023-09-26,1,2290
2023-09-27,1,2226
2023-09-28,1,2219
2023-09-29,1,2535
2023-09-30,1,2730
2023-10-01,1,2528
2023-10-02,1,2279
2023-10-03,1,2302
2023-10-04,1,2433
2023-10-05,1,2329
2023-10-06,1,2367
2023-10-07,1,2713
2023-10-08,1,2612
2023-10-09,1,2181
2023-10-10,1,2331
2023-10-11,1,2299
2023-10-12,1,2410
2023-10-13,1,2628
2023-10-14,1,2825
2023-10-15,1,2622
2023-10-16,1,2311
2023-10-17,1,2539
2023-10-18,1,2332
2023-10-19,1,2371
2023-10-20,1,2500
2023-10-21,1,2768
2023-10-22,1,2645
2023-10-23,1,2364
2023-10-24,1,2319
2023-10-25,1,2339
2023-10-26,1,2343
2023-10-27,1,2463
2023-10-28,1,2777
2023-10-29,1,2652
2023-10-30,1,2536
2023-10-31,1,2177
2023-11-01,1,2440
2023-11-02,1,2495
2023-11-03,1,2378
2023-11-04,1,2761
2023-11-05,1,2661
2023-11-06,1,2336
2023-11-07,1,2337
2023-11-08,1,2294
2023-11-09,1,2552
2023-11-10,1,2624
2023-11-11,1,2902
2023-11-12,1,2764
2023-11-13,1,2378
2023-11-14,1,2377
2023-11-15,1,2436
2023-11-16,1,2351
2023-11-17,1,2629
2023-11-18,1,2811
2023-11-19,1,2704
2023-11-20,1,2539
2023-11-21,1,2473
2023-11-22,1,2396
2023-11-23,1,2553
2023-11-24,1,2519
2023-11-25,1,2900
2023-11-26,1,2802
2023-11-27,1,2488
2023-11-28,1,2489
2023-11-29,1,2354
2023-11-30,1,2561
2023-12-01,1,2612
2023-12-02,1,2840
2023-12-03,1,2862
2023-12-04,1,2485
2023-12-05,1,2386
2023-12-06,1,2359
2023-12-07,1,2565
2023-12-08,1,2557
2023-12-09,1,3039
2023-12-10,1,2655
2023-12-11,1,2693
2023-12-12,1,2535
2023-12-13,1,2496
2023-12-14,1,2507
2023-12-15,1,2712
2023-12-16,1,2933
2023-12-17,1,2923
2023-12-18,1,2603
2023-12-19,1,2560
2023-12-20,1,2505
2023-12-21,1,2572
2023-12-22,1,2734
2023-12-23,1,2837
2023-12-24,1,2768
2023-12-25,1,2679
2023-12-26,1,2591
2023-12-27,1,2548
2023-12-28,1,2608
2023-12-29,1,2767
2023-12-30,1,2954
2023-12-31,1,2841
